species,proportion
arabiensis,0.8397423624992371
funestus,0.16025765240192413
