species,proportion
arabiensis,0.17384600639343262
funestus,0.4346286356449127
gambiae,0.3915253281593323
