species,proportion
arabiensis,0.8397423624992371
gambiae,0.16025765240192413
