species,proportion
arabiensis,0.1408577412366867
funestus,0.45684170722961426
gambiae,0.40230056643486023
