species,proportion
funestus,0.0011006270069628954
gambiae,0.9988994002342224
