species,proportion
funestus,0.9988994002342224
gambiae,0.0011006270069628954
