species,proportion
arabiensis,0.9218304753303528
gambiae,0.07816949486732483
