{
    "Nodes": [
        {
            "NodeID": 1475161276,
            "NodeAttributes": {
                "Latitude": 5.43,
                "Longitude": 7.58,
                "InitialPopulation": 3000,
                "FacilityName": 393220,
                "BirthRate": 0.31961917808219176,
                "LarvalHabitatMultiplier": 1.0
            },
            "IndividualAttributes": {
                "AgeDistribution": {
                    "DistributionValues": [
                        [
                            0.0,
                            0.09276265063330182,
                            0.1770968853134376,
                            0.25376847824883747,
                            0.3234736312072957,
                            0.3867776237672504,
                            0.4443962516976787,
                            0.4967796465289869,
                            0.5444034622055631,
                            0.587700138328784,
                            0.6270626919837752,
                            0.6628481046400867,
                            0.6953820518670197,
                            0.7249284292298037,
                            0.7518217371448896,
                            0.7762713182913104,
                            0.7984990827991276,
                            0.8187072294650832,
                            0.837079253435962,
                            0.8537819788565787,
                            0.8689669699267423,
                            0.8827573200094391,
                            0.8953094147221113,
                            0.906721018806066,
                            0.9170957536083245,
                            0.9265277297610647,
                            0.9351026217198588,
                            0.9428983972377424,
                            0.9499858440562925,
                            0.9564224578705901,
                            0.9622810173375171,
                            0.9676072287906332,
                            0.9724494992447227,
                            0.9768517978840826,
                            0.9808540991748297,
                            0.9844926961984981,
                            0.9878006658879996,
                            0.9908048666007541,
                            0.9935393115403003,
                            0.9960253018497204,
                            0.9982853729594202,
                            1.000000000000001,
                            1.000000000000001,
                            1.000000000000001,
                            1.000000000000001,
                            1.000000000000001,
                            1.000000000000001,
                            1.000000000000001,
                            1.000000000000001,
                            1.000000000000001
                        ]
                    ],
                    "ResultScaleFactor": 1,
                    "ResultValues": [
                        [
                            0.0,
                            894.0,
                            1788.0,
                            2682.0,
                            3576.0,
                            4469.0,
                            5363.0,
                            6257.0,
                            7151.0,
                            8045.0,
                            8939.0,
                            9833.0,
                            10727.0,
                            11620.0,
                            12514.0,
                            13408.0,
                            14302.0,
                            15196.0,
                            16090.0,
                            16984.0,
                            17878.0,
                            18771.0,
                            19665.0,
                            20559.0,
                            21453.0,
                            22347.0,
                            23241.0,
                            24135.0,
                            25029.0,
                            25922.0,
                            26816.0,
                            27710.0,
                            28604.0,
                            29498.0,
                            30392.0,
                            31286.0,
                            32180.0,
                            33073.0,
                            33967.0,
                            34861.0,
                            35755.0,
                            36649.0,
                            37543.0,
                            38437.0,
                            39331.0,
                            40224.0,
                            41118.0,
                            42012.0,
                            42906.0,
                            43800.0
                        ]
                    ]
                }
            }
        }
    ],
    "Defaults": {
        "IndividualAttributes": {
            "MortalityDistribution": {
                "NumDistributionAxes": 2,
                "AxisNames": [
                    "gender",
                    "age"
                ],
                "AxisUnits": [
                    "male=0,female=1",
                    "years"
                ],
                "AxisScaleFactors": [
                    1,
                    365
                ],
                "NumPopulationGroups": [
                    2,
                    2
                ],
                "PopulationGroups": [
                    [
                        0,
                        1
                    ],
                    [
                        0,
                        100
                    ]
                ],
                "ResultUnits": "annual deaths per 1000 individuals",
                "ResultScaleFactor": 2.74e-06,
                "ResultValues": [
                    [
                        38.887,
                        999
                    ],
                    [
                        38.887,
                        999
                    ]
                ]
            },
            "RiskDistribution1": 1,
            "PrevalenceDistributionFlag": 1,
            "PrevalenceDistribution1": 0.13,
            "PrevalenceDistribution2": 0.15,
            "RiskDistributionFlag": 3,
            "RiskDistribution2": 0,
            "MigrationHeterogeneityDistribution1": 1,
            "ImmunityDistributionFlag": 0,
            "MigrationHeterogeneityDistributionFlag": 0,
            "ImmunityDistribution1": 1,
            "MigrationHeterogeneityDistribution2": 0,
            "ImmunityDistribution2": 0
        },
        "NodeAttributes": {
            "Urban": 0,
            "AbovePoverty": 0.5,
            "Region": 1,
            "Seaport": 0,
            "Airport": 0,
            "Altitude": 0,
            "InitialPopulation": 1000
        }
    },
    "Metadata": {
        "Author": "idm",
        "Tool": "dtk-tools",
        "IdReference": "Gridded world grump30arcsec",
        "DateCreated": "2018-09-20 09:05:03.275400",
        "NodeCount": 1,
        "Resolution": 30
    }
}